timestamp,model_name,optimizer,learning_rate,best_epoch,epochs_completed,best_dev_accuracy,best_dev_loss,total_training_time_sec
2026-01-07 13:38:45,LSTMHiddenState_64,Adam,0.005,19,20,0.35233333333333333,2.09789896607399,167.09
2026-01-07 13:47:20,LSTMHiddenState_Dropout_03_64,Adam,0.005,35,46,0.35633333333333334,2.1172794302304587,379.28
2026-01-07 14:02:53,LSTMHiddenState_64,Adam,0.005,31,37,0.35096666666666665,2.129165891806285,305.71
2026-01-07 14:14:39,LSTMHiddenState_Dropout_64,Adam,0.005,20,20,0.35306666666666664,2.1063494205474855,173.88
2026-01-07 14:17:31,LSTMHiddenState_Dropout_64,Adam,0.005,20,20,0.3497,2.1235247055689492,171.83
2026-01-07 14:21:43,LSTMHiddenState_Dropout_64,Adam,0.005,20,20,0.3542666666666667,2.1168899198373157,179.81
2026-01-07 14:24:44,LSTMHiddenState_Dropout_64,Adam,0.005,19,20,0.34026666666666666,2.2199843009312947,180.72
2026-01-07 14:35:56,LSTMHiddenState_Dropout_Relu_64,Adam,0.005,19,20,0.3117,2.3059605320294696,242.98
2026-01-07 14:36:17,LSTMHiddenState_Dropout_Tanh_64,Adam,0.005,19,20,0.3494,2.1434934357802073,246.82
2026-01-07 14:40:04,LSTMHiddenState_Dropout_Relu_64,Adam,0.005,19,20,0.29823333333333335,2.367578919728597,248.54
2026-01-07 14:40:21,LSTMHiddenState_Dropout_Tanh_64,Adam,0.005,20,20,0.3435,2.2157087445259096,243.6
2026-01-07 14:58:50,LSTMHiddenState_Dropout_Relu_Softmax_64,Adam,0.005,19,20,0.19666666666666666,3.988813563187917,266.04
2026-01-07 14:59:33,LSTMHiddenState_Dropout_Tanh_Softmax_64,Adam,0.005,19,20,0.22096666666666667,3.9659780939420064,275.36
2026-01-07 15:03:25,LSTMHiddenState_Dropout_Relu_Softmax_64,Adam,0.005,20,20,0.20676666666666665,3.9791748483975726,275.09
2026-01-07 15:03:57,LSTMHiddenState_Dropout_Tanh_Softmax_64,Adam,0.005,18,20,0.2151,3.971019721031189,263.9
2026-01-07 15:27:11,LSTMHiddenState_Dropout_Relu_Softmax_Gridsearch_64,Adam,0.001,48,50,0.18706666666666666,3.9992857336997987,521.74
2026-01-07 15:36:10,LSTMHiddenState_Dropout_Relu_Softmax_Gridsearch_64,Adam,0.005,47,50,0.21486666666666668,3.9705903132756553,539.03
2026-01-07 16:15:38,LSTMHiddenState_Dropout_Relu_Softmax_Gridsearch_64,Adam,0.001,20,20,0.18933333333333333,3.9965656413706636,1246.11
2026-01-07 17:58:28,LSTMHiddenState_Dropout_Relu_Gridsearch_64,Adam,0.001,19,20,0.2976666666666667,2.3844127383059277,1095.55
2026-01-07 18:18:00,LSTMHiddenState_Dropout_Relu_Gridsearch_64,Adam,0.005,20,20,0.3026,2.3525452532493736,1155.86
2026-01-07 18:37:22,LSTMHiddenState_Dropout_Relu_Gridsearch_64,Adam,0.01,20,20,0.286,2.434935257887281,1145.85
2026-01-07 18:56:43,LSTMHiddenState_Dropout_Relu_Gridsearch_64,Adam,0.001,20,20,0.2823333333333333,2.452557218862749,1144.87
2026-01-07 19:16:02,LSTMHiddenState_Dropout_Relu_Gridsearch_64,Adam,0.005,19,20,0.2911666666666667,2.3919873186774345,1142.19
2026-01-07 19:35:22,LSTMHiddenState_Dropout_Relu_Gridsearch_64,Adam,0.01,16,20,0.2695666666666667,2.5257693663843153,1143.52
2026-01-07 19:50:22,LSTMHiddenState_Dropout_Relu_Gridsearch_256,Adam,0.001,9,15,0.3605333333333333,2.0388230390386033,883.49
2026-01-07 20:09:18,LSTMHiddenState_Dropout_Relu_Gridsearch_256,Adam,0.005,13,19,0.3641666666666667,2.131253286973754,1119.98
2026-01-07 20:29:22,LSTMHiddenState_Dropout_Relu_Gridsearch_256,Adam,0.01,20,20,0.3329,2.215094736135845,1186.86
2026-01-07 20:44:11,LSTMHiddenState_Dropout_Relu_Gridsearch_256,Adam,0.001,9,15,0.3627666666666667,1.9850399145947846,872.38
2026-01-07 21:01:28,LSTMHiddenState_Dropout_Relu_Gridsearch_256,Adam,0.005,10,16,0.3632,2.0461235203976824,1020.92
2026-01-07 21:03:53,MLP_64_Dropout_Gridsearch_Relu,Adam,0.001,18,20,0.2353,2.7219938271081268,922.85
2026-01-07 21:19:20,MLP_64_Dropout_Gridsearch_Relu,Adam,0.005,15,20,0.20893333333333333,2.7589571094716283,926.85
2026-01-07 21:22:32,LSTMHiddenState_Dropout_Relu_Gridsearch_256,Adam,0.01,19,20,0.3222,2.2316149740076776,1244.44
2026-01-07 21:33:18,MLP_64_Dropout_Gridsearch_Relu,Adam,0.01,12,18,0.17986666666666667,2.9480866780921593,837.93
2026-01-07 21:37:23,LSTMHiddenState_Dropout_Relu_Gridsearch_512_256,Adam,0.001,6,12,0.3389666666666667,2.4361864714734334,873.1
2026-01-07 21:48:52,MLP_64_Dropout_Gridsearch_Relu,Adam,0.001,19,20,0.2236,2.796939167640865,933.43
2026-01-07 22:01:57,LSTMHiddenState_Dropout_Relu_Gridsearch_512_256,Adam,0.005,20,20,0.32676666666666665,3.025255868684,1451.95
2026-01-07 22:04:25,MLP_64_Dropout_Gridsearch_Relu,Adam,0.005,20,20,0.20166666666666666,2.8555751365385076,933.08
2026-01-07 22:18:50,MLP_64_Dropout_Gridsearch_Relu,Adam,0.01,12,18,0.16346666666666668,3.023003572594128,865.02
2026-01-07 22:27:56,LSTMHiddenState_Dropout_Relu_Gridsearch_512_256,Adam,0.01,19,20,0.28673333333333334,2.5712080596606612,1537.83
2026-01-07 22:30:16,MLP_64_Dropout_Gridsearch_Relu,Adam,0.001,20,20,0.2279,2.75414580284281,545.63
2026-01-07 22:39:03,MLP_64_Dropout_Gridsearch_Relu,Adam,0.005,17,20,0.22473333333333334,2.71352671257993,526.29
2026-01-07 22:41:29,LSTMHiddenState_Dropout_Relu_Gridsearch_512_256,Adam,0.001,5,11,0.3389333333333333,2.2684686684659296,791.46
2026-01-07 22:47:52,MLP_64_Dropout_Gridsearch_Relu,Adam,0.01,19,20,0.1952,2.8691264801837026,529.54
2026-01-07 22:56:41,MLP_64_Dropout_Gridsearch_Relu,Adam,0.001,20,20,0.21026666666666666,2.842047329151884,528.84
2026-01-07 22:59:41,LSTMHiddenState_Dropout_Relu_Gridsearch_512_256,Adam,0.005,9,15,0.33366666666666667,2.493651814298081,1070.92
2026-01-07 23:05:04,MLP_64_Dropout_Gridsearch_Relu,Adam,0.005,13,19,0.2126,2.8044754393557283,502.7
2026-01-07 23:13:50,MLP_64_Dropout_Gridsearch_Relu,Adam,0.01,19,20,0.18003333333333332,2.9017287619570467,526.19
2026-01-07 23:22:40,MLP_64_Dropout_Gridsearch_Relu,Adam,0.001,20,20,0.2074,2.9024625818780128,529.97
2026-01-07 23:23:52,LSTMHiddenState_Dropout_Relu_Gridsearch_512_256,Adam,0.01,19,20,0.28176666666666667,2.574635749432578,1429.18
2026-01-07 23:31:03,MLP_64_Dropout_Gridsearch_Relu,Adam,0.005,13,19,0.19156666666666666,2.91162764671001,503.12
2026-01-07 23:37:14,MLP_64_Dropout_Gridsearch_Relu,Adam,0.01,8,14,0.16133333333333333,3.050336422818772,370.61
2026-01-07 23:40:28,LSTMHiddenState_Dropout_Relu_Gridsearch_512_256_128,Adam,0.001,6,12,0.28713333333333335,2.672389323523304,974.52
2026-01-07 23:45:59,MLP_256_Dropout_Gridsearch_Relu,Adam,0.001,20,20,0.35223333333333334,1.975418856803407,525.66
2026-01-07 23:54:47,MLP_256_Dropout_Gridsearch_Relu,Adam,0.005,20,20,0.33466666666666667,2.066004057640725,527.63
2026-01-08 00:01:49,MLP_256_Dropout_Gridsearch_Relu,Adam,0.01,10,16,0.28846666666666665,2.311307377003609,422.29
2026-01-08 00:07:56,LSTMHiddenState_Dropout_Relu_Gridsearch_512_256_128,Adam,0.005,18,20,0.2700666666666667,2.8432676830271415,1624.28
2026-01-08 00:10:41,MLP_256_Dropout_Gridsearch_Relu,Adam,0.001,20,20,0.33476666666666666,2.0687631916492544,531.93
2026-01-08 00:19:28,MLP_256_Dropout_Gridsearch_Relu,Adam,0.005,20,20,0.3146,2.146625305236654,527.01
2026-01-08 00:28:16,MLP_256_Dropout_Gridsearch_Relu,Adam,0.01,18,20,0.26903333333333335,2.413108399573793,527.86
2026-01-08 00:35:22,LSTMHiddenState_Dropout_Relu_Gridsearch_512_256_128,Adam,0.01,17,20,0.1302,3.234909297052477,1622.41
2026-01-08 00:37:04,MLP_256_Dropout_Gridsearch_Relu,Adam,0.001,19,20,0.3183666666666667,2.1756897134983793,527.87
2026-01-08 00:45:54,MLP_256_Dropout_Gridsearch_Relu,Adam,0.005,19,20,0.29586666666666667,2.2410671386312933,530.34
2026-01-08 00:54:43,MLP_256_Dropout_Gridsearch_Relu,Adam,0.01,20,20,0.2343,2.5817421953728856,528.71
2026-01-08 00:58:44,LSTMHiddenState_Dropout_Relu_Gridsearch_512_256_128,Adam,0.001,11,17,0.2845,3.842715680217946,1377.31
2026-01-08 01:06:41,MLP_256_128_Dropout_Gridsearch_Relu,Adam,0.001,20,20,0.30673333333333336,2.275453233718872,718.36
2026-01-08 01:18:38,MLP_256_128_Dropout_Gridsearch_Relu,Adam,0.005,20,20,0.2393,2.6666078445759225,717.06
2026-01-08 01:24:04,MLP_256_128_Dropout_Gridsearch_Relu,Adam,0.01,3,9,0.14326666666666665,3.2017746600698915,325.38
2026-01-08 01:26:16,LSTMHiddenState_Dropout_Relu_Gridsearch_512_256_128,Adam,0.005,20,20,0.2783333333333333,2.9630487798881937,1628.2
2026-01-08 01:36:01,MLP_256_128_Dropout_Gridsearch_Relu,Adam,0.001,20,20,0.2756,2.4665497313154505,717.23
2026-01-08 01:48:01,MLP_256_128_Dropout_Gridsearch_Relu,Adam,0.005,20,20,0.20663333333333334,2.8577228231632965,720.24
2026-01-08 01:52:50,MLP_256_128_Dropout_Gridsearch_Relu,Adam,0.01,2,8,0.12783333333333333,3.320916280340641,288.82
2026-01-08 01:53:47,LSTMHiddenState_Dropout_Relu_Gridsearch_512_256_128,Adam,0.01,20,20,0.15153333333333333,3.113875858819307,1627.74
2026-01-08 02:04:41,MLP_256_128_Dropout_Gridsearch_Relu,Adam,0.001,19,20,0.24616666666666667,2.6411481725408676,710.9
2026-01-08 02:13:52,LSTMHiddenState_Dropout_Tanh_Gridsearch_64,Adam,0.001,20,20,0.3218,2.297630437147389,1180.33
2026-01-08 02:16:31,MLP_256_128_Dropout_Gridsearch_Relu,Adam,0.005,15,20,0.1745,3.0513490778334598,710.22
2026-01-08 02:22:27,MLP_256_128_Dropout_Gridsearch_Relu,Adam,0.01,4,10,0.1088,3.43331753345246,355.83
2026-01-08 02:33:45,LSTMHiddenState_Dropout_Tanh_Gridsearch_64,Adam,0.005,19,20,0.3381,2.2564321253091286,1176.8
2026-01-08 02:34:16,MLP_512_256_Dropout_Gridsearch_Relu,Adam,0.001,20,20,0.3584333333333333,1.9854119179096628,709.16
2026-01-08 02:46:05,MLP_512_256_Dropout_Gridsearch_Relu,Adam,0.005,19,20,0.24956666666666666,2.678137241525853,709.35
2026-01-08 02:52:04,MLP_512_256_Dropout_Gridsearch_Relu,Adam,0.01,4,10,0.13936666666666667,3.2422082180672502,358.56
2026-01-08 02:53:37,LSTMHiddenState_Dropout_Tanh_Gridsearch_64,Adam,0.01,15,20,0.32053333333333334,2.2973253988762146,1174.62
2026-01-08 03:03:56,MLP_512_256_Dropout_Gridsearch_Relu,Adam,0.001,20,20,0.3329,2.1237599251118113,711.97
2026-01-08 03:13:33,LSTMHiddenState_Dropout_Tanh_Gridsearch_64,Adam,0.001,20,20,0.31526666666666664,2.353758672915542,1178.51
2026-01-08 03:15:46,MLP_512_256_Dropout_Gridsearch_Relu,Adam,0.005,18,20,0.21023333333333333,2.8573332137249885,710.14
2026-01-08 03:24:39,MLP_512_256_Dropout_Gridsearch_Relu,Adam,0.01,9,15,0.12086666666666666,3.3777148175746836,532.36
2026-01-08 03:33:28,LSTMHiddenState_Dropout_Tanh_Gridsearch_64,Adam,0.005,20,20,0.33103333333333335,2.282477821622576,1178.47
2026-01-08 03:36:32,MLP_512_256_Dropout_Gridsearch_Relu,Adam,0.001,20,20,0.3008,2.3225618555190715,713.64
2026-01-08 03:46:01,MLP_512_256_Dropout_Gridsearch_Relu,Adam,0.005,10,16,0.17583333333333334,3.053017190162172,568.57
2026-01-08 03:50:46,MLP_512_256_Dropout_Gridsearch_Relu,Adam,0.01,2,8,0.10306666666666667,3.5039756896648,285.62
2026-01-08 03:53:20,LSTMHiddenState_Dropout_Tanh_Gridsearch_64,Adam,0.01,18,20,0.3073666666666667,2.412106450178476,1174.35
2026-01-08 04:05:46,MLP_512_256_128_Dropout_Gridsearch_Relu,Adam,0.001,20,20,0.3175,2.326394481861845,899.94
2026-01-08 04:07:47,LSTMHiddenState_Dropout_Tanh_Gridsearch_256,Adam,0.001,8,14,0.3611666666666667,2.123830116379744,849.01
2026-01-08 04:20:50,MLP_512_256_128_Dropout_Gridsearch_Relu,Adam,0.005,20,20,0.20846666666666666,2.9364001314690773,903.96
2026-01-08 04:23:12,LSTMHiddenState_Dropout_Tanh_Gridsearch_256,Adam,0.005,9,15,0.3727666666666667,2.1367071717024357,907.79
2026-01-08 04:31:18,MLP_512_256_128_Dropout_Gridsearch_Relu,Adam,0.01,8,14,0.1204,3.345568294728056,627.72
2026-01-08 04:43:40,LSTMHiddenState_Dropout_Tanh_Gridsearch_256,Adam,0.01,19,20,0.35746666666666665,2.2034495131039162,1208.68
2026-01-08 04:46:18,MLP_512_256_128_Dropout_Gridsearch_Relu,Adam,0.001,20,20,0.2927,2.4530142702954882,899.9
2026-01-08 04:55:19,MLP_512_256_128_Dropout_Gridsearch_Relu,Adam,0.005,6,12,0.15396666666666667,3.1400891385179883,541.12
2026-01-08 04:57:02,LSTMHiddenState_Dropout_Tanh_Gridsearch_256,Adam,0.001,7,13,0.36156666666666665,2.0829163624533713,784.56
2026-01-08 05:00:37,MLP_512_256_128_Dropout_Gridsearch_Relu,Adam,0.01,1,7,0.09623333333333334,3.4927846908569338,318.3
2026-01-08 05:14:27,LSTMHiddenState_Dropout_Tanh_Gridsearch_256,Adam,0.005,11,17,0.373,2.141280010565003,1026.71
2026-01-08 05:15:39,MLP_512_256_128_Dropout_Gridsearch_Relu,Adam,0.001,20,20,0.2631,2.6177350957342918,901.28
2026-01-08 05:26:55,MLP_512_256_128_Dropout_Gridsearch_Relu,Adam,0.005,9,15,0.13143333333333335,3.253649062298714,676.34
2026-01-08 05:32:59,MLP_512_256_128_Dropout_Gridsearch_Relu,Adam,0.01,2,8,0.0848,3.6206283112789723,363.86
2026-01-08 05:34:53,LSTMHiddenState_Dropout_Tanh_Gridsearch_256,Adam,0.01,18,20,0.34236666666666665,2.2417404473717535,1208.6
2026-01-08 05:47:06,LSTMHiddenState_Dropout_Tanh_Gridsearch_512_256,Adam,0.001,4,10,0.342,2.25350236282674,714.89
2026-01-08 05:51:02,MLP_512_256_128_64_Dropout_Gridsearch_Relu,Adam,0.001,19,20,0.2763,2.58270393736819,1082.85
2026-01-08 06:05:22,LSTMHiddenState_Dropout_Tanh_Gridsearch_512_256,Adam,0.005,9,15,0.33093333333333336,2.584155231396527,1075.42
2026-01-08 06:08:10,MLP_512_256_128_64_Dropout_Gridsearch_Relu,Adam,0.005,13,19,0.14663333333333334,3.176493214546366,1027.82
2026-01-08 06:19:02,MLP_512_256_128_64_Dropout_Gridsearch_Relu,Adam,0.01,6,12,0.09343333333333333,3.5428437973590605,652.8
2026-01-08 06:29:30,LSTMHiddenState_Dropout_Tanh_Gridsearch_512_256,Adam,0.01,20,20,0.2605,2.6698852236082815,1428.1
2026-01-08 06:37:09,MLP_512_256_128_64_Dropout_Gridsearch_Relu,Adam,0.001,20,20,0.2451,2.7490943928982348,1086.31
2026-01-08 06:41:48,LSTMHiddenState_Dropout_Tanh_Gridsearch_512_256,Adam,0.001,4,10,0.3475,2.2339182403296043,716.91
2026-01-08 06:50:42,MLP_512_256_128_64_Dropout_Gridsearch_Relu,Adam,0.005,9,15,0.1265,3.310327593823697,813.18
2026-01-08 06:58:52,LSTMHiddenState_Dropout_Tanh_Gridsearch_512_256,Adam,0.005,8,14,0.33663333333333334,2.4820798198297336,1002.67
2026-01-08 07:02:28,MLP_512_256_128_64_Dropout_Gridsearch_Relu,Adam,0.01,7,13,0.07896666666666667,3.6041245480801196,705.83
2026-01-08 07:20:31,MLP_512_256_128_64_Dropout_Gridsearch_Relu,Adam,0.001,20,20,0.19126666666666667,2.9472890813299952,1083.76
2026-01-08 07:23:02,LSTMHiddenState_Dropout_Tanh_Gridsearch_512_256,Adam,0.01,19,20,0.24796666666666667,2.695726470398242,1428.94
2026-01-08 07:30:29,MLP_512_256_128_64_Dropout_Gridsearch_Relu,Adam,0.005,5,11,0.10116666666666667,3.462309937781476,597.23
2026-01-08 07:38:22,LSTMHiddenState_Dropout_Tanh_Gridsearch_512_256_128,Adam,0.001,5,11,0.2896666666666667,2.6439800603049144,899.81
2026-01-08 07:48:31,MLP_512_256_128_64_Dropout_Gridsearch_Relu,Adam,0.01,15,20,0.062033333333333336,3.7516486238926015,1081.92
2026-01-08 07:57:13,MLP_64_Dropout_Gridsearch_Tanh,Adam,0.001,20,20,0.20746666666666666,2.949580731290452,522.82
2026-01-08 08:05:49,LSTMHiddenState_Dropout_Tanh_Gridsearch_512_256_128,Adam,0.005,20,20,0.2764,2.8407330868849114,1623.18
2026-01-08 08:06:02,MLP_64_Dropout_Gridsearch_Tanh,Adam,0.005,19,20,0.22416666666666665,2.801802033566414,528.29
2026-01-08 08:14:44,MLP_64_Dropout_Gridsearch_Tanh,Adam,0.01,17,20,0.21753333333333333,2.8207199857590046,521.86
2026-01-08 08:23:26,MLP_64_Dropout_Gridsearch_Tanh,Adam,0.001,20,20,0.18716666666666668,3.0630796574531716,522.82
2026-01-08 08:32:07,MLP_64_Dropout_Gridsearch_Tanh,Adam,0.005,19,20,0.2127,2.9066089640272423,520.09
2026-01-08 08:33:05,LSTMHiddenState_Dropout_Tanh_Gridsearch_512_256_128,Adam,0.01,16,20,0.10646666666666667,3.3757716155509705,1611.81
2026-01-08 08:40:23,MLP_64_Dropout_Gridsearch_Tanh,Adam,0.01,13,19,0.20583333333333334,2.945705531505828,496.69
2026-01-08 08:48:17,LSTMHiddenState_Dropout_Tanh_Gridsearch_512_256_128,Adam,0.001,5,11,0.293,2.612343634115353,888.6
2026-01-08 08:49:03,MLP_64_Dropout_Gridsearch_Tanh,Adam,0.001,20,20,0.17066666666666666,3.1523543266539877,519.7
2026-01-08 08:57:43,MLP_64_Dropout_Gridsearch_Tanh,Adam,0.005,18,20,0.20133333333333334,2.9711183203027605,520.48
2026-01-08 09:06:26,MLP_64_Dropout_Gridsearch_Tanh,Adam,0.01,14,20,0.1884,3.049506146857079,522.52
2026-01-08 09:15:09,MLP_256_Dropout_Gridsearch_Tanh,Adam,0.001,20,20,0.31706666666666666,2.259073694208835,523.34
2026-01-08 09:15:32,LSTMHiddenState_Dropout_Tanh_Gridsearch_512_256_128,Adam,0.005,20,20,0.2698,2.816689856270991,1611.42
2026-01-08 09:23:51,MLP_256_Dropout_Gridsearch_Tanh,Adam,0.005,19,20,0.31143333333333334,2.2808773441517607,521.93
2026-01-08 09:32:34,MLP_256_Dropout_Gridsearch_Tanh,Adam,0.01,19,20,0.2746,2.5467683437022757,523.2
2026-01-08 09:41:19,MLP_256_Dropout_Gridsearch_Tanh,Adam,0.001,20,20,0.2895666666666667,2.4534354382372916,525.02
2026-01-08 09:42:50,LSTMHiddenState_Dropout_Tanh_Gridsearch_512_256_128,Adam,0.01,15,20,0.10453333333333334,3.3819588318562457,1614.28
2026-01-08 09:49:47,MLP_256_Dropout_Gridsearch_Tanh,Adam,0.005,17,20,0.28696666666666665,2.455100950281671,507.32
2026-01-08 09:54:11,LSTMHiddenState_Dropout_Relu_Gridsearch_64,Adam,0.001,20,20,0.2907,2.4304987542172696,621.23
2026-01-08 09:58:19,MLP_256_Dropout_Gridsearch_Tanh,Adam,0.01,20,20,0.25503333333333333,2.640520891230157,512.43
2026-01-08 10:04:42,LSTMHiddenState_Dropout_Relu_Gridsearch_64,Adam,0.005,20,20,0.308,2.3199890973720145,620.73
2026-01-08 10:06:51,MLP_256_Dropout_Gridsearch_Tanh,Adam,0.001,20,20,0.25853333333333334,2.6556448530643544,512.18
2026-01-08 10:15:11,LSTMHiddenState_Dropout_Relu_Gridsearch_64,Adam,0.01,19,20,0.2977666666666667,2.3777652583223707,619.83
2026-01-08 10:15:27,MLP_256_Dropout_Gridsearch_Tanh,Adam,0.005,18,20,0.25926666666666665,2.6357301458399345,515.43
2026-01-08 10:24:04,MLP_256_Dropout_Gridsearch_Tanh,Adam,0.01,20,20,0.22873333333333334,2.7946944338210087,516.66
2026-01-08 10:25:45,LSTMHiddenState_Dropout_Relu_Gridsearch_64,Adam,0.001,20,20,0.2775,2.472857469193479,624.96
2026-01-08 10:35:42,MLP_256_128_Dropout_Gridsearch_Tanh,Adam,0.001,20,20,0.2699,2.5295640823688914,698.05
2026-01-08 10:36:19,LSTMHiddenState_Dropout_Relu_Gridsearch_64,Adam,0.005,20,20,0.29233333333333333,2.4346578699477175,624.93
2026-01-08 10:46:53,LSTMHiddenState_Dropout_Relu_Gridsearch_64,Adam,0.01,19,20,0.2808333333333333,2.4495224688915496,624.4
2026-01-08 10:47:18,MLP_256_128_Dropout_Gridsearch_Tanh,Adam,0.005,20,20,0.2333,2.7162771701812742,696.05
2026-01-08 10:54:19,MLP_256_128_Dropout_Gridsearch_Tanh,Adam,0.01,6,12,0.1578,3.215599160498761,421.09
2026-01-08 10:56:03,LSTMHiddenState_Dropout_Relu_Gridsearch_256,Adam,0.001,11,17,0.3589333333333333,2.043753714257098,541.36
2026-01-08 11:05:16,LSTMHiddenState_Dropout_Relu_Gridsearch_256,Adam,0.005,11,17,0.3672666666666667,2.117198256736106,542.9
2026-01-08 11:05:56,MLP_256_128_Dropout_Gridsearch_Tanh,Adam,0.001,19,20,0.24106666666666668,2.7065923447304585,697.07
2026-01-08 11:16:04,LSTMHiddenState_Dropout_Relu_Gridsearch_256,Adam,0.01,15,20,0.3562666666666667,2.1390345345152184,638.39
2026-01-08 11:17:37,MLP_256_128_Dropout_Gridsearch_Tanh,Adam,0.005,19,20,0.2039,2.901280018623839,701.14
2026-01-08 11:25:48,LSTMHiddenState_Dropout_Relu_Gridsearch_256,Adam,0.001,12,18,0.3650333333333333,2.0145329652948583,574.88
2026-01-08 11:29:20,MLP_256_128_Dropout_Gridsearch_Tanh,Adam,0.01,20,20,0.15146666666666667,3.1911623224299004,702.6
2026-01-08 11:33:59,LSTMHiddenState_Dropout_Relu_Gridsearch_256,Adam,0.005,9,15,0.3601666666666667,2.0951871227710805,481.39
2026-01-08 11:41:02,MLP_256_128_Dropout_Gridsearch_Tanh,Adam,0.001,20,20,0.21716666666666667,2.8520833867661497,702.01
2026-01-08 11:44:46,LSTMHiddenState_Dropout_Relu_Gridsearch_256,Adam,0.01,15,20,0.351,2.104714982053067,638.15
2026-01-08 11:52:44,MLP_256_128_Dropout_Gridsearch_Tanh,Adam,0.005,19,20,0.18373333333333333,3.0327143912619734,702.85
2026-01-08 11:53:01,LSTMHiddenState_Dropout_Relu_Gridsearch_512_256,Adam,0.001,7,13,0.3261,2.500858746690953,484.57
2026-01-08 12:01:55,LSTMHiddenState_Dropout_Relu_Gridsearch_512_256,Adam,0.005,8,14,0.34226666666666666,2.534885120391846,523.37
2026-01-08 12:04:29,MLP_256_128_Dropout_Gridsearch_Tanh,Adam,0.01,19,20,0.13156666666666667,3.320935511081777,704.58
2026-01-08 12:14:32,LSTMHiddenState_Dropout_Relu_Gridsearch_512_256,Adam,0.01,20,20,0.3123,2.6294178917052897,745.0
2026-01-08 12:16:11,MLP_512_256_Dropout_Gridsearch_Tanh,Adam,0.001,20,20,0.32313333333333333,2.2010195306006897,702.4
2026-01-08 12:22:12,LSTMHiddenState_Dropout_Relu_Gridsearch_512_256,Adam,0.001,6,12,0.33436666666666665,2.318423488799562,449.21
2026-01-08 12:27:55,MLP_512_256_Dropout_Gridsearch_Tanh,Adam,0.005,20,20,0.23226666666666668,2.6871384823575934,703.35
2026-01-08 12:29:50,LSTMHiddenState_Dropout_Relu_Gridsearch_512_256,Adam,0.005,6,12,0.3408,2.3628038746245363,447.79
2026-01-08 12:39:34,MLP_512_256_Dropout_Gridsearch_Tanh,Adam,0.01,19,20,0.14853333333333332,3.3122981061326695,699.24
2026-01-08 12:42:27,LSTMHiddenState_Dropout_Relu_Gridsearch_512_256,Adam,0.01,19,20,0.3149,2.610224038996595,745.31
2026-01-08 12:51:06,LSTMHiddenState_Dropout_Relu_Gridsearch_512_256_128,Adam,0.001,6,12,0.2827,2.6500308371604757,508.14
2026-01-08 12:51:17,MLP_512_256_Dropout_Gridsearch_Tanh,Adam,0.001,19,20,0.2931,2.3927334978225385,702.62
2026-01-08 13:03:02,MLP_512_256_Dropout_Gridsearch_Tanh,Adam,0.005,19,20,0.20296666666666666,2.864769284268643,705.57
2026-01-08 13:05:23,LSTMHiddenState_Dropout_Relu_Gridsearch_512_256_128,Adam,0.005,18,20,0.2804,3.4273253248092974,844.06
2026-01-08 13:14:45,MLP_512_256_Dropout_Gridsearch_Tanh,Adam,0.01,17,20,0.13726666666666668,3.419202798478147,702.49
2026-01-08 13:19:43,LSTMHiddenState_Dropout_Relu_Gridsearch_512_256_128,Adam,0.01,20,20,0.24213333333333334,2.7342103603038383,847.08
2026-01-08 13:26:28,MLP_512_256_Dropout_Gridsearch_Tanh,Adam,0.001,20,20,0.2613333333333333,2.5927173614501955,702.99
2026-01-08 13:28:23,LSTMHiddenState_Dropout_Relu_Gridsearch_512_256_128,Adam,0.001,6,12,0.2848,2.607317248811113,507.17
2026-01-08 13:38:10,MLP_512_256_Dropout_Gridsearch_Tanh,Adam,0.005,18,20,0.1721,3.0586009695174847,702.67
2026-01-08 13:42:40,LSTMHiddenState_Dropout_Relu_Gridsearch_512_256_128,Adam,0.005,20,20,0.2800666666666667,3.4787948669271267,843.06
2026-01-08 13:49:53,MLP_512_256_Dropout_Gridsearch_Tanh,Adam,0.01,16,20,0.12006666666666667,3.4741430728993516,702.89
2026-01-08 13:56:56,LSTMHiddenState_Dropout_Relu_Gridsearch_512_256_128,Adam,0.01,20,20,0.19936666666666666,2.8736251536836015,842.86
2026-01-08 14:04:29,MLP_512_256_128_Dropout_Gridsearch_Tanh,Adam,0.001,20,20,0.28036666666666665,2.4421713555112796,875.99
2026-01-08 14:07:24,LSTMHiddenState_Dropout_Tanh_Gridsearch_64,Adam,0.001,20,20,0.3081,2.367004197709104,615.99
2026-01-08 14:17:49,LSTMHiddenState_Dropout_Tanh_Gridsearch_64,Adam,0.005,18,20,0.3398,2.2209901368364373,615.17
2026-01-08 14:19:06,MLP_512_256_128_Dropout_Gridsearch_Tanh,Adam,0.005,15,20,0.1721,3.0894900017596307,877.04
2026-01-08 14:28:15,LSTMHiddenState_Dropout_Tanh_Gridsearch_64,Adam,0.01,20,20,0.33616666666666667,2.226634142246652,616.67
2026-01-08 14:33:41,MLP_512_256_128_Dropout_Gridsearch_Tanh,Adam,0.01,14,20,0.11873333333333333,3.442867410943863,874.92
2026-01-08 14:38:40,LSTMHiddenState_Dropout_Tanh_Gridsearch_64,Adam,0.001,20,20,0.3012,2.4169534749173103,615.51
2026-01-08 14:48:17,MLP_512_256_128_Dropout_Gridsearch_Tanh,Adam,0.001,19,20,0.24223333333333333,2.6689189525360755,875.77
2026-01-08 14:49:03,LSTMHiddenState_Dropout_Tanh_Gridsearch_64,Adam,0.005,17,20,0.3397,2.223596636792447,613.84
2026-01-08 14:59:27,LSTMHiddenState_Dropout_Tanh_Gridsearch_64,Adam,0.01,18,20,0.3223666666666667,2.3096844881138905,615.34
2026-01-08 15:01:24,MLP_512_256_128_Dropout_Gridsearch_Tanh,Adam,0.005,12,18,0.15333333333333332,3.20480498963214,786.73
2026-01-08 15:07:00,LSTMHiddenState_Dropout_Tanh_Gridsearch_256,Adam,0.001,8,14,0.36043333333333333,2.0902714237253717,442.9
2026-01-08 15:10:54,MLP_512_256_128_Dropout_Gridsearch_Tanh,Adam,0.01,7,13,0.10816666666666666,3.499052058889511,570.28
2026-01-08 15:14:30,LSTMHiddenState_Dropout_Tanh_Gridsearch_256,Adam,0.005,8,14,0.36956666666666665,2.1455209777710285,441.12
2026-01-08 15:21:33,LSTMHiddenState_Dropout_Tanh_Gridsearch_256,Adam,0.01,7,13,0.3670333333333333,2.0937295051331217,412.79
2026-01-08 15:25:31,MLP_512_256_128_Dropout_Gridsearch_Tanh,Adam,0.001,20,20,0.2118,2.8435481507727443,877.29
2026-01-08 15:30:39,LSTMHiddenState_Dropout_Tanh_Gridsearch_256,Adam,0.001,11,17,0.35983333333333334,2.1421191682206824,536.85
2026-01-08 15:38:42,LSTMHiddenState_Dropout_Tanh_Gridsearch_256,Adam,0.005,9,15,0.3702666666666667,2.143088029293304,474.02
2026-01-08 15:38:45,MLP_512_256_128_Dropout_Gridsearch_Tanh,Adam,0.005,12,18,0.12913333333333332,3.315874599903188,794.11
2026-01-08 15:43:55,MLP_512_256_128_Dropout_Gridsearch_Tanh,Adam,0.01,1,7,0.09426666666666667,3.619129215402806,309.16
2026-01-08 15:49:25,LSTMHiddenState_Dropout_Tanh_Gridsearch_256,Adam,0.01,20,20,0.3692666666666667,2.1592534699338546,633.34
2026-01-08 15:56:25,LSTMHiddenState_Dropout_Tanh_Gridsearch_512_256,Adam,0.001,5,11,0.3355666666666667,2.338146270082352,410.0
2026-01-08 16:01:31,MLP_512_256_128_64_Dropout_Gridsearch_Tanh,Adam,0.001,20,20,0.228,2.7366242784134887,1056.46
2026-01-08 16:03:25,LSTMHiddenState_Dropout_Tanh_Gridsearch_512_256,Adam,0.005,5,11,0.34636666666666666,2.379315467083708,407.85
2026-01-08 16:16:00,LSTMHiddenState_Dropout_Tanh_Gridsearch_512_256,Adam,0.01,17,20,0.3098666666666667,2.722334663918678,743.46
2026-01-08 16:18:13,MLP_512_256_128_64_Dropout_Gridsearch_Tanh,Adam,0.005,13,19,0.14443333333333333,3.257398147785917,1001.93
2026-01-08 16:23:38,LSTMHiddenState_Dropout_Tanh_Gridsearch_512_256,Adam,0.001,6,12,0.34026666666666666,2.4404827990430467,446.6
2026-01-08 16:27:52,MLP_512_256_128_64_Dropout_Gridsearch_Tanh,Adam,0.01,5,11,0.10156666666666667,3.5034108385126643,579.25
2026-01-08 16:32:31,LSTMHiddenState_Dropout_Tanh_Gridsearch_512_256,Adam,0.005,8,14,0.34673333333333334,2.586256577613506,520.85
2026-01-08 16:45:18,LSTMHiddenState_Dropout_Tanh_Gridsearch_512_256,Adam,0.01,19,20,0.308,2.713819534220594,755.15
2026-01-08 16:45:19,MLP_512_256_128_64_Dropout_Gridsearch_Tanh,Adam,0.001,18,20,0.20053333333333334,2.9056787338662655,1047.05
2026-01-08 16:53:28,LSTMHiddenState_Dropout_Tanh_Gridsearch_512_256_128,Adam,0.001,5,11,0.2860666666666667,2.5702608078084093,478.16
2026-01-08 16:58:51,MLP_512_256_128_64_Dropout_Gridsearch_Tanh,Adam,0.005,10,16,0.1246,3.3422044165590976,811.15
2026-01-08 17:08:08,LSTMHiddenState_Dropout_Tanh_Gridsearch_512_256_128,Adam,0.005,18,20,0.28526666666666667,3.3445931404194935,866.07
2026-01-08 17:14:56,MLP_512_256_128_64_Dropout_Gridsearch_Tanh,Adam,0.01,13,19,0.09123333333333333,3.541447485254166,965.17
2026-01-08 17:22:49,LSTMHiddenState_Dropout_Tanh_Gridsearch_512_256_128,Adam,0.01,16,20,0.1965,2.9029913902282716,867.65
2026-01-08 17:31:44,LSTMHiddenState_Dropout_Tanh_Gridsearch_512_256_128,Adam,0.001,6,12,0.28326666666666667,2.7609889558021057,520.42
2026-01-08 17:31:49,MLP_512_256_128_64_Dropout_Gridsearch_Tanh,Adam,0.001,20,20,0.17843333333333333,3.0301294580419014,1013.48
2026-01-08 17:41:08,MLP_512_256_128_64_Dropout_Gridsearch_Tanh,Adam,0.005,5,11,0.10403333333333334,3.4386635252769957,559.04
2026-01-08 17:46:45,LSTMHiddenState_Dropout_Tanh_Gridsearch_512_256_128,Adam,0.005,20,20,0.2822,3.226811659589727,887.72
2026-01-08 17:57:14,MLP_512_256_128_64_Dropout_Gridsearch_Tanh,Adam,0.01,11,17,0.08083333333333333,3.616341508703029,966.02
2026-01-08 18:03:01,LSTMHiddenState_Dropout_Tanh_Gridsearch_512_256_128,Adam,0.01,20,20,0.2189,2.8151835654644257,962.46
2026-01-08 18:03:01,MLP_64_Dropout_Gridsearch_Relu,Adam,0.001,20,20,0.21293333333333334,2.8418688774108887,340.99
2026-01-08 18:08:19,MLP_64_Dropout_Gridsearch_Relu,Adam,0.005,13,19,0.23203333333333334,2.697494046162751,317.95
2026-01-08 18:10:15,LSTMHiddenState_Dropout_Relu_Gridsearch_64,Adam,0.001,19,20,0.27176666666666666,2.548245702759694,412.28
2026-01-08 18:13:55,MLP_64_Dropout_Gridsearch_Relu,Adam,0.01,16,20,0.21016666666666667,2.776967371924449,335.66
2026-01-08 18:17:13,LSTMHiddenState_Dropout_Relu_Gridsearch_64,Adam,0.005,20,20,0.2998,2.3791161573539346,411.66
2026-01-08 18:19:29,MLP_64_Dropout_Gridsearch_Relu,Adam,0.001,20,20,0.20603333333333335,2.9032362881353344,334.2
2026-01-08 18:24:12,LSTMHiddenState_Dropout_Relu_Gridsearch_64,Adam,0.01,19,20,0.30283333333333334,2.3443133063235524,411.92
2026-01-08 18:25:03,MLP_64_Dropout_Gridsearch_Relu,Adam,0.005,19,20,0.21623333333333333,2.777081085463702,334.1
2026-01-08 18:30:38,MLP_64_Dropout_Gridsearch_Relu,Adam,0.01,20,20,0.19756666666666667,2.8583213151511497,334.24
2026-01-08 18:31:10,LSTMHiddenState_Dropout_Relu_Gridsearch_64,Adam,0.001,19,20,0.25766666666666665,2.5781687093993364,410.77
2026-01-08 18:36:13,MLP_64_Dropout_Gridsearch_Relu,Adam,0.001,20,20,0.19506666666666667,2.963905146566488,335.18
2026-01-08 18:38:10,LSTMHiddenState_Dropout_Relu_Gridsearch_64,Adam,0.005,19,20,0.29173333333333334,2.406627749992629,413.78
2026-01-08 18:41:48,MLP_64_Dropout_Gridsearch_Relu,Adam,0.005,17,20,0.19736666666666666,2.874140533350282,334.81
2026-01-08 18:45:08,LSTMHiddenState_Dropout_Relu_Gridsearch_64,Adam,0.01,20,20,0.28423333333333334,2.4097872366339472,410.57
2026-01-08 18:47:24,MLP_64_Dropout_Gridsearch_Relu,Adam,0.01,16,20,0.17626666666666665,2.9540504015098183,336.0
2026-01-08 18:51:49,LSTMHiddenState_Dropout_Relu_Gridsearch_256,Adam,0.001,17,20,0.3542,2.1509386078786044,394.56
2026-01-08 18:52:33,MLP_256_Dropout_Gridsearch_Relu,Adam,0.001,20,20,0.34623333333333334,2.033123594219402,309.71
2026-01-08 18:56:30,LSTMHiddenState_Dropout_Relu_Gridsearch_256,Adam,0.005,10,16,0.36133333333333334,2.1529734993385055,274.86
2026-01-08 18:57:17,MLP_256_Dropout_Gridsearch_Relu,Adam,0.005,20,20,0.3468333333333333,2.001809065624819,283.81
2026-01-08 19:00:39,MLP_256_Dropout_Gridsearch_Relu,Adam,0.01,8,14,0.3172,2.1657220084788436,201.79
2026-01-08 19:00:53,LSTMHiddenState_Dropout_Relu_Gridsearch_256,Adam,0.01,9,15,0.3653,2.0597491597725175,258.21
2026-01-08 19:05:25,MLP_256_Dropout_Gridsearch_Relu,Adam,0.001,20,20,0.3335,2.106083350666499,285.72
2026-01-08 19:06:42,LSTMHiddenState_Dropout_Relu_Gridsearch_256,Adam,0.001,16,20,0.35283333333333333,2.081495772984068,343.0
2026-01-08 19:10:10,MLP_256_Dropout_Gridsearch_Relu,Adam,0.005,20,20,0.3364333333333333,2.0630137890072193,285.27
2026-01-08 19:11:06,LSTMHiddenState_Dropout_Relu_Gridsearch_256,Adam,0.005,9,15,0.3582,2.0953918816679615,258.69
2026-01-08 19:14:26,MLP_256_Dropout_Gridsearch_Relu,Adam,0.01,12,18,0.3014,2.2425873279571533,256.01
2026-01-08 19:16:54,LSTMHiddenState_Dropout_Relu_Gridsearch_256,Adam,0.01,18,20,0.3629,2.1135977324792896,342.2
2026-01-08 19:19:14,MLP_256_Dropout_Gridsearch_Relu,Adam,0.001,20,20,0.31156666666666666,2.2284119311025585,288.0
2026-01-08 19:22:36,LSTMHiddenState_Dropout_Relu_Gridsearch_512_256,Adam,0.001,11,17,0.3162333333333333,3.024851297928115,336.09
2026-01-08 19:24:03,MLP_256_Dropout_Gridsearch_Relu,Adam,0.005,19,20,0.30843333333333334,2.1852640964217107,289.09
2026-01-08 19:27:20,LSTMHiddenState_Dropout_Relu_Gridsearch_512_256,Adam,0.005,8,14,0.3421,2.654594057697361,278.49
2026-01-08 19:28:54,MLP_256_Dropout_Gridsearch_Relu,Adam,0.01,18,20,0.2739666666666667,2.3621359639248607,290.62
2026-01-08 19:33:10,LSTMHiddenState_Dropout_Relu_Gridsearch_512_256,Adam,0.01,11,17,0.3404,2.522598141330784,343.47
2026-01-08 19:35:17,MLP_256_128_Dropout_Gridsearch_Relu,Adam,0.001,20,20,0.3014,2.335322897313005,383.02
2026-01-08 19:38:37,LSTMHiddenState_Dropout_Relu_Gridsearch_512_256,Adam,0.001,10,16,0.3169666666666667,2.7271974551475653,320.05
2026-01-08 19:41:41,MLP_256_128_Dropout_Gridsearch_Relu,Adam,0.005,20,20,0.26203333333333334,2.503576642375881,384.32
2026-01-08 19:45:23,LSTMHiddenState_Dropout_Relu_Gridsearch_512_256,Adam,0.005,14,20,0.3529333333333333,2.9477466991392234,400.2
2026-01-08 19:48:02,MLP_256_128_Dropout_Gridsearch_Relu,Adam,0.01,20,20,0.2072,2.8935502424078474,380.7
2026-01-08 19:52:08,LSTMHiddenState_Dropout_Relu_Gridsearch_512_256,Adam,0.01,16,20,0.32853333333333334,2.731610407263546,398.7
2026-01-08 19:54:27,MLP_256_128_Dropout_Gridsearch_Relu,Adam,0.001,20,20,0.2697333333333333,2.5031908851558877,384.74
2026-01-08 19:59:17,LSTMHiddenState_Dropout_Relu_Gridsearch_512_256_128,Adam,0.001,13,19,0.2762,4.026978141170437,422.36
2026-01-08 20:00:52,MLP_256_128_Dropout_Gridsearch_Relu,Adam,0.005,19,20,0.23516666666666666,2.6661100266343456,385.31
2026-01-08 21:06:46,LSTMHiddenState_Dropout_Relu_256_Post_Optimisation,Adam,0.005,7,13,0.3671333333333333,2.023757365409364,476.3
2026-01-08 21:21:21,LSTMHiddenState_Dropout_Relu_256_Post_Optimisation,Adam,0.005,11,17,0.3618,2.0930771822625016,680.83
2026-01-08 21:23:38,MLP_512_256_Dropout_Relu_Post_Optimisation,Adam,0.001,19,20,0.3312,2.1533348073350624,807.08
2026-01-08 21:42:24,MLP_512_256_Dropout_Relu_Post_Optimisation,Adam,0.001,20,20,0.18966666666666668,3.995420732903988,767.93
2026-01-08 22:00:16,CNN_32_Dropout_Gridsearch_Relu,Adam,0.001,20,20,0.4126,1.7566803767482864,1113.24
2026-01-08 22:20:06,CNN_32_Dropout_Gridsearch_Relu,Adam,0.005,20,20,0.388,1.8893812040784466,1167.51
2026-01-08 22:39:31,CNN_32_Dropout_Gridsearch_Relu,Adam,0.01,16,20,0.3712666666666667,1.9241660472426587,1144.06
2026-01-08 22:58:37,CNN_32_Dropout_Gridsearch_Relu,Adam,0.001,17,20,0.40726666666666667,1.7631114103646675,1120.19
2026-01-08 23:10:45,CNN_32_Dropout_Gridsearch_Relu,Adam,0.005,7,13,0.38676666666666665,1.84826871377827,706.22
2026-01-08 23:21:12,CNN_32_Dropout_Gridsearch_Relu,Adam,0.01,6,12,0.3595,1.9525797123085462,610.4
2026-01-08 23:38:07,CNN_64_Dropout_Gridsearch_Relu,Adam,0.001,18,20,0.4153,1.768264194795572,997.73
2026-01-08 23:42:22,MLP_512_256_Dropout_Relu_Post_Optimisation,Adam,0.001,19,20,0.38403333333333334,1.712780431643732,3188.79
2026-01-08 23:46:30,CNN_64_Dropout_Gridsearch_Relu,Adam,0.005,5,11,0.3857333333333333,1.874145455197739,485.41
2026-01-09 00:00:56,CNN_64_Dropout_Gridsearch_Relu,Adam,0.01,14,20,0.36723333333333336,1.940880641754248,851.65
2026-01-09 00:19:39,CNN_64_Dropout_Gridsearch_Relu,Adam,0.001,20,20,0.4149,1.7502594233067559,1107.73
2026-01-09 00:37:38,CNN_64_Dropout_Gridsearch_Relu,Adam,0.005,11,17,0.3899666666666667,1.8729913140664984,1053.43
2026-01-09 00:54:16,CNN_64_Dropout_Gridsearch_Relu,Adam,0.01,17,20,0.3640333333333333,1.9413674027680843,979.41
2026-01-09 01:01:06,LSTMHiddenState_Dropout_Relu_256_Post_Optimisation_DataAugmentation_20epochs,Adam,0.005,19,20,0.45634583333333334,1.531658883033785,1677.06
2026-01-09 01:06:57,CNN_32_64_Dropout_Gridsearch_Relu,Adam,0.001,6,12,0.41596666666666665,1.7057737038333787,743.5
2026-01-09 01:27:15,CNN_32_64_Dropout_Gridsearch_Relu,Adam,0.005,14,20,0.3636333333333333,1.7710373394016519,1195.63
2026-01-09 01:34:37,CNN_32_64_Dropout_Gridsearch_Relu,Adam,0.01,1,7,0.020733333333333333,4.092646259234658,420.1
2026-01-09 01:41:21,MLP_512_256_Dropout_Relu_Post_Optimisation_DataAugmentation_50epochs,Adam,0.001,48,50,0.46385,1.460620068792087,4120.49
2026-01-09 01:53:46,CNN_32_64_Dropout_Gridsearch_Relu,Adam,0.001,18,20,0.42346666666666666,1.6507257320987645,1126.37
2026-01-09 02:12:19,CNN_32_64_Dropout_Gridsearch_Relu,Adam,0.005,20,20,0.38563333333333333,1.730530000698846,1093.89
2026-01-09 02:28:09,CNN_32_64_Dropout_Gridsearch_Relu,Adam,0.01,11,17,0.3106,2.010794924774658,931.26
2026-01-09 02:39:26,CNN_64_128_Dropout_Gridsearch_Relu,Adam,0.001,6,12,0.41386666666666666,1.7443339794175203,658.17
2026-01-09 02:58:01,CNN_64_128_Dropout_Gridsearch_Relu,Adam,0.005,20,20,0.3701333333333333,1.771749298201441,1094.27
2026-01-09 03:07:27,CNN_64_128_Dropout_Gridsearch_Relu,Adam,0.01,4,10,0.29943333333333333,2.0754033901544013,547.02
2026-01-09 03:26:01,CNN_64_128_Dropout_Gridsearch_Relu,Adam,0.001,14,20,0.4229,1.7236254878643988,1094.39
2026-01-09 03:44:35,CNN_64_128_Dropout_Gridsearch_Relu,Adam,0.005,18,20,0.3667666666666667,1.7681352070399694,1094.42
2026-01-09 03:57:40,CNN_64_128_Dropout_Gridsearch_Relu,Adam,0.01,8,14,0.3268,1.9627392454696362,766.42
2026-01-09 04:08:09,CNN_32_64_128_Dropout_Gridsearch_Relu,Adam,0.001,3,9,0.4311333333333333,1.6411878955898,609.65
2026-01-09 04:26:36,CNN_32_64_128_Dropout_Gridsearch_Relu,Adam,0.005,10,16,0.3958333333333333,1.7620802916951779,1082.58
2026-01-09 04:34:54,CNN_32_64_128_Dropout_Gridsearch_Relu,Adam,0.01,1,7,0.020733333333333333,4.0924925499125075,474.26
2026-01-09 04:53:19,CNN_32_64_128_Dropout_Gridsearch_Relu,Adam,0.001,10,16,0.44156666666666666,1.611146451694879,1081.37
2026-01-09 05:16:15,CNN_32_64_128_Dropout_Gridsearch_Relu,Adam,0.005,20,20,0.3756,1.7656187024960386,1351.36
2026-01-09 05:38:03,CNN_32_64_128_Dropout_Gridsearch_Relu,Adam,0.01,13,19,0.3111,2.0364862647392092,1284.64
2026-01-09 05:48:37,CNN_64_128_256_Dropout_Gridsearch_Relu,Adam,0.001,3,9,0.43093333333333333,1.6375980857592911,610.06
2026-01-09 06:11:31,CNN_64_128_256_Dropout_Gridsearch_Relu,Adam,0.005,20,20,0.3816,1.7765864776904141,1349.74
2026-01-09 06:19:49,CNN_64_128_256_Dropout_Gridsearch_Relu,Adam,0.01,1,7,0.020733333333333333,4.092506480877842,473.74
2026-01-09 06:35:59,CNN_64_128_256_Dropout_Gridsearch_Relu,Adam,0.001,8,14,0.43733333333333335,1.662708709997409,946.12
2026-01-09 06:58:52,CNN_64_128_256_Dropout_Gridsearch_Relu,Adam,0.005,19,20,0.3579,1.8737192484361531,1349.39
2026-01-09 07:07:09,CNN_64_128_256_Dropout_Gridsearch_Relu,Adam,0.01,1,7,0.020733333333333333,4.0925091995613405,472.96
2026-01-09 07:21:22,CNN_32_Dropout_Gridsearch_Tanh,Adam,0.001,17,20,0.32813333333333333,2.0902915069543475,828.71
2026-01-09 07:29:55,CNN_32_Dropout_Gridsearch_Tanh,Adam,0.005,6,12,0.20013333333333333,2.912016565611622,498.38
2026-01-09 07:34:58,CNN_32_Dropout_Gridsearch_Tanh,Adam,0.01,1,7,0.0863,3.8790299628080844,288.51
2026-01-09 07:44:54,CNN_32_Dropout_Gridsearch_Tanh,Adam,0.001,8,14,0.30273333333333335,2.26036374401182,582.31
2026-01-09 07:54:48,CNN_32_Dropout_Gridsearch_Tanh,Adam,0.005,8,14,0.09896666666666666,3.7797175201017463,579.65
2026-01-09 08:04:00,CNN_32_Dropout_Gridsearch_Tanh,Adam,0.01,7,13,0.08763333333333333,3.92539136801193,537.46
2026-01-09 08:19:07,CNN_64_Dropout_Gridsearch_Tanh,Adam,0.001,14,20,0.31583333333333335,2.140897145149296,892.02
2026-01-09 08:29:57,CNN_64_Dropout_Gridsearch_Tanh,Adam,0.005,8,14,0.23183333333333334,2.603055287525852,633.62
2026-01-09 08:32:11,LSTMHiddenState_Dropout_Relu_256_Post_Optimisation_DataAugmentation_20epochs,Adam,0.005,19,20,0.46210416666666665,1.5217134037505844,1586.37
2026-01-09 08:35:53,CNN_64_Dropout_Gridsearch_Tanh,Adam,0.01,2,8,0.08873333333333333,4.031041032469857,339.39
2026-01-09 08:49:54,CNN_64_Dropout_Gridsearch_Tanh,Adam,0.001,20,20,0.30123333333333335,2.2485004826141064,826.79
2026-01-09 08:54:58,CNN_64_Dropout_Gridsearch_Tanh,Adam,0.005,1,7,0.08963333333333333,3.772651362266622,290.31
2026-01-09 09:07:34,CNN_64_Dropout_Gridsearch_Tanh,Adam,0.01,12,18,0.07976666666666667,4.03971869096573,740.58
2026-01-09 09:22:03,CNN_32_64_Dropout_Gridsearch_Tanh,Adam,0.001,10,16,0.3306,2.0519286993978376,854.46
2026-01-09 09:33:57,CNN_32_64_Dropout_Gridsearch_Tanh,Adam,0.005,7,13,0.22226666666666667,2.664011931368537,695.18
2026-01-09 09:40:32,CNN_32_64_Dropout_Gridsearch_Tanh,Adam,0.01,1,7,0.07513333333333333,3.9899722797784216,376.55
2026-01-09 09:52:24,CNN_32_64_Dropout_Gridsearch_Tanh,Adam,0.001,7,13,0.3139,2.1165942314591235,694.0
2026-01-09 10:10:28,CNN_32_64_Dropout_Gridsearch_Tanh,Adam,0.005,15,20,0.17726666666666666,2.9454044767025946,1065.94
2026-01-09 10:24:07,CNN_32_64_Dropout_Gridsearch_Tanh,Adam,0.01,9,15,0.08023333333333334,4.041169359231555,799.96
2026-01-09 10:42:13,CNN_64_128_Dropout_Gridsearch_Tanh,Adam,0.001,20,20,0.3169666666666667,2.145699141630486,1067.27
2026-01-09 10:55:00,CNN_64_128_Dropout_Gridsearch_Tanh,Adam,0.005,8,14,0.17613333333333334,3.1097628938109634,748.42
2026-01-09 11:13:08,CNN_64_128_Dropout_Gridsearch_Tanh,Adam,0.01,20,20,0.32203333333333334,51.69441105612814,1069.33
2026-01-09 11:25:55,CNN_64_128_Dropout_Gridsearch_Tanh,Adam,0.001,8,14,0.2862,2.2774364112028436,749.12
2026-01-09 11:36:57,CNN_64_128_Dropout_Gridsearch_Tanh,Adam,0.005,6,12,0.08026666666666667,4.001285443682152,642.29
2026-01-09 11:43:30,CNN_64_128_Dropout_Gridsearch_Tanh,Adam,0.01,1,7,0.057833333333333334,4.817044315053455,375.02
2026-01-09 12:05:48,CNN_32_64_128_Dropout_Gridsearch_Tanh,Adam,0.001,20,20,0.30883333333333335,2.1518963628740453,1318.52
2026-01-09 12:19:24,CNN_32_64_128_Dropout_Gridsearch_Tanh,Adam,0.005,6,12,0.19446666666666668,2.9480750748851916,792.67
2026-01-09 12:41:48,CNN_32_64_128_Dropout_Gridsearch_Tanh,Adam,0.01,19,20,0.3098666666666667,50.89791434965154,1321.63
2026-01-09 12:57:36,CNN_32_64_128_Dropout_Gridsearch_Tanh,Adam,0.001,8,14,0.2899,2.1945584148232107,924.53
2026-01-09 13:14:30,CNN_32_64_128_Dropout_Gridsearch_Tanh,Adam,0.005,9,15,0.078,3.936377075435256,990.84
2026-01-09 13:36:53,CNN_32_64_128_Dropout_Gridsearch_Tanh,Adam,0.01,20,20,0.3142333333333333,44.80657453475985,1320.26
2026-01-09 13:57:03,CNN_64_128_256_Dropout_Gridsearch_Tanh,Adam,0.001,12,18,0.28846666666666665,2.290458656323236,1186.37
2026-01-09 14:19:26,CNN_64_128_256_Dropout_Gridsearch_Tanh,Adam,0.005,20,20,0.3257,51.48717447130411,1320.15
2026-01-09 14:41:49,CNN_64_128_256_Dropout_Gridsearch_Tanh,Adam,0.01,16,20,0.3090333333333333,90.53204340009547,1319.55
2026-01-09 14:59:47,CNN_64_128_256_Dropout_Gridsearch_Tanh,Adam,0.001,10,16,0.27453333333333335,2.371473437179126,1055.47
2026-01-09 15:11:13,CNN_64_128_256_Dropout_Gridsearch_Tanh,Adam,0.005,4,10,0.060366666666666666,4.513192290182053,662.51
2026-01-09 15:33:35,CNN_64_128_256_Dropout_Gridsearch_Tanh,Adam,0.01,18,20,0.3047,92.19788899045508,1319.18
2026-01-09 15:41:23,CNN_32_Dropout_Gridsearch_Relu,Adam,0.001,20,20,0.4064,1.7665919019820842,440.25
2026-01-09 15:46:39,CNN_32_Dropout_Gridsearch_Relu,Adam,0.005,8,14,0.39676666666666666,1.8290560362186838,308.02
2026-01-09 15:51:34,CNN_32_Dropout_Gridsearch_Relu,Adam,0.01,7,13,0.3822,1.8849692557720428,286.45
2026-01-09 15:59:02,CNN_32_Dropout_Gridsearch_Relu,Adam,0.001,20,20,0.40486666666666665,1.7607478415712396,439.64
2026-01-09 16:04:41,CNN_32_Dropout_Gridsearch_Relu,Adam,0.005,9,15,0.3879,1.8324586568994725,330.16
2026-01-09 16:12:10,CNN_32_Dropout_Gridsearch_Relu,Adam,0.01,20,20,0.3784666666666667,1.892418015256841,440.77
2026-01-09 16:19:38,CNN_64_Dropout_Gridsearch_Relu,Adam,0.001,20,20,0.41696666666666665,1.7601724436942567,439.8
2026-01-09 16:27:07,CNN_64_Dropout_Gridsearch_Relu,Adam,0.005,20,20,0.3988,1.892109396609854,440.32
2026-01-09 16:31:18,CNN_64_Dropout_Gridsearch_Relu,Adam,0.01,5,11,0.38266666666666665,1.9086936296300685,242.08
2026-01-09 16:38:47,CNN_64_Dropout_Gridsearch_Relu,Adam,0.001,19,20,0.41633333333333333,1.745602722370878,440.44
2026-01-09 16:46:15,CNN_64_Dropout_Gridsearch_Relu,Adam,0.005,16,20,0.3993333333333333,1.8501168560474477,440.14
2026-01-09 16:53:44,CNN_64_Dropout_Gridsearch_Relu,Adam,0.01,18,20,0.3798666666666667,1.887879204750061,440.05
2026-01-09 17:03:25,CNN_32_64_Dropout_Gridsearch_Relu,Adam,0.001,16,20,0.42083333333333334,1.7079589899550094,573.05
2026-01-09 17:13:02,CNN_32_64_Dropout_Gridsearch_Relu,Adam,0.005,17,20,0.40853333333333336,1.6964772031662312,566.52
2026-01-09 17:16:33,CNN_32_64_Dropout_Gridsearch_Relu,Adam,0.01,1,7,0.020733333333333333,4.093378519504628,200.27
2026-01-09 17:26:22,CNN_32_64_Dropout_Gridsearch_Relu,Adam,0.001,14,20,0.42696666666666666,1.638741681423593,577.63
2026-01-09 17:36:08,CNN_32_64_Dropout_Gridsearch_Relu,Adam,0.005,20,20,0.4110333333333333,1.6729612172918116,575.55
2026-01-09 17:45:51,CNN_32_64_Dropout_Gridsearch_Relu,Adam,0.01,16,20,0.32476666666666665,1.893711450252127,572.63
2026-01-09 17:53:08,CNN_64_128_Dropout_Gridsearch_Relu,Adam,0.001,9,15,0.4181,1.8399521315351446,425.89
2026-01-09 18:02:52,CNN_64_128_Dropout_Gridsearch_Relu,Adam,0.005,19,20,0.34613333333333335,1.8571848975851182,573.73
2026-01-09 18:09:20,CNN_64_128_Dropout_Gridsearch_Relu,Adam,0.01,7,13,0.3106333333333333,1.9430806631737567,376.44
2026-01-09 18:18:42,CNN_64_128_Dropout_Gridsearch_Relu,Adam,0.001,13,19,0.42493333333333333,1.7194886293817073,550.97
2026-01-09 18:28:49,CNN_64_128_Dropout_Gridsearch_Relu,Adam,0.005,14,20,0.2910333333333333,2.149218329977482,594.93
2026-01-09 18:32:22,CNN_64_128_Dropout_Gridsearch_Relu,Adam,0.01,1,7,0.020733333333333333,4.093369782224615,201.95
2026-01-09 18:38:46,CNN_32_64_128_Dropout_Gridsearch_Relu,Adam,0.001,4,10,0.4312,1.6464332022565475,373.16
2026-01-09 18:47:49,CNN_32_64_128_Dropout_Gridsearch_Relu,Adam,0.005,8,14,0.4042,1.734374875210701,527.22
2026-01-09 18:58:23,CNN_32_64_128_Dropout_Gridsearch_Relu,Adam,0.01,11,17,0.369,1.817973193209222,619.31
2026-01-09 19:10:47,CNN_32_64_128_Dropout_Gridsearch_Relu,Adam,0.001,20,20,0.4362333333333333,1.674668050826864,730.81
2026-01-09 19:23:34,CNN_32_64_128_Dropout_Gridsearch_Relu,Adam,0.005,14,20,0.3992,1.709031727973451,751.26
2026-01-09 19:35:16,CNN_32_64_128_Dropout_Gridsearch_Relu,Adam,0.01,12,18,0.3471,1.896791120792957,685.24
2026-01-09 19:42:22,CNN_64_128_256_Dropout_Gridsearch_Relu,Adam,0.001,5,11,0.4317666666666667,1.7373392820358275,412.07
2026-01-09 19:53:09,CNN_64_128_256_Dropout_Gridsearch_Relu,Adam,0.005,12,18,0.38043333333333335,1.7876838689154766,634.2
2026-01-09 20:00:26,CNN_64_128_256_Dropout_Gridsearch_Relu,Adam,0.01,6,12,0.30466666666666664,2.1202677914436827,423.32
2026-01-09 20:07:09,CNN_64_128_256_Dropout_Gridsearch_Relu,Adam,0.001,5,11,0.4387,1.6181835352106297,389.64
2026-01-09 20:18:30,CNN_64_128_256_Dropout_Gridsearch_Relu,Adam,0.005,13,19,0.3557666666666667,1.8855728966124514,668.22
2026-01-09 20:26:23,CNN_64_128_256_Dropout_Gridsearch_Relu,Adam,0.01,7,13,0.28126666666666666,2.335714437606487,459.55
2026-01-09 20:33:54,CNN_32_Dropout_Gridsearch_Tanh,Adam,0.001,18,20,0.3501666666666667,1.9725586774501396,437.94
2026-01-09 20:40:21,CNN_32_Dropout_Gridsearch_Tanh,Adam,0.005,11,17,0.26813333333333333,2.4179194054705033,378.14
2026-01-09 20:46:29,CNN_32_Dropout_Gridsearch_Tanh,Adam,0.01,10,16,0.19513333333333333,2.82116572704721,359.24
2026-01-09 20:54:11,CNN_32_Dropout_Gridsearch_Tanh,Adam,0.001,20,20,0.33623333333333333,2.0618959152952154,453.17
2026-01-09 21:01:08,CNN_32_Dropout_Gridsearch_Tanh,Adam,0.005,11,17,0.19666666666666666,2.957361938598308,408.32
2026-01-09 21:05:01,CNN_32_Dropout_Gridsearch_Tanh,Adam,0.01,2,8,0.09426666666666667,3.7692369278441085,222.25
2026-01-09 21:13:51,CNN_64_Dropout_Gridsearch_Tanh,Adam,0.001,20,20,0.3533,1.9569269535389353,519.62
2026-01-09 21:21:49,CNN_64_Dropout_Gridsearch_Tanh,Adam,0.005,17,20,0.19923333333333335,2.962330506710296,467.83
2026-01-09 21:30:17,CNN_64_Dropout_Gridsearch_Tanh,Adam,0.01,12,18,0.17503333333333335,2.9902895267973553,497.82
2026-01-09 22:55:02,CNN_32_64_128_Dropout_Gridsearch_Relu_Optimisation_DataAugmentation_20epochs,Adam,0.001,20,20,0.5165333333333333,1.3018327349030387,2199.12
2026-01-09 22:55:52,CNN_64_128_256_Dropout_Gridsearch_Relu_Optimisation_DataAugmentation_20epochs,Adam,0.001,17,20,0.5222458333333333,1.2876649797598183,2260.85
2026-01-10 02:22:35,CNN_32_64_128_Dropout_Gridsearch_Relu_Optimisation_DataAugmentation_20epochs_Generation_Data,Adam,0.001,19,20,0.5207020833333333,1.3171413882325094,3294.52
2026-01-10 02:36:26,MLP_512_256_Dropout_Relu_Post_Optimisation_DataAugmentation_20epochs_Generation_Data,Adam,0.001,20,20,0.4340541666666667,1.6021786411603292,3119.74
2026-01-10 02:37:38,LSTMHiddenState_Dropout_Relu_256_Post_Optimisation_DataAugmentation_20epochs_Generation_Data,Adam,0.005,20,20,0.49425,1.415398935476939,2960.11
2026-01-10 05:53:01,CNN_32_64_128_256_Dropout_Gridsearch_Relu_Optimisation_DataAugmentation_200epochs_Generation_Data,Adam,0.001,29,50,0.5523875,1.2011583471049865,10932.81
2026-01-10 06:17:11,CNN_64_128_256_512_1024_Dropout_Gridsearch_Relu_Optimisation_DataAugmentation_200epochs_Generation_Data,Adam,0.001,7,28,0.5633541666666667,1.166781797632575,11247.05
2026-01-10 12:34:52,CNN_32_64_128_256_Relu_Optimisation_DataAugmentation_50epochs_Generation_Data_Batch_Norm,Adam,0.001,23,34,0.5303604166666667,1.2936100828150907,5526.13
2026-01-10 17:58:47,CNN_64_128_256_512_Relu_Optimisation_DataAugmentation_50epochs_Generation_Data_Batch_Norm,Adam,0.001,11,22,0.5313708333333333,1.288919423893094,6178.02
2026-01-11 13:36:00,CNN_32_64_128_256_LSTM_256_Dropout_5_History_Base_Dataset_20epochs,Adam,0.001,6,12,0.4807666666666667,1.5669596861166233,1347.25
2026-01-11 15:09:00,CNN_32_64_128_256_LSTM_256_Dropout_5_History_Base_Dataset_20epochs,Adam,0.001,7,13,0.545625,1.2602135973672073,4988.91
2026-01-11 15:43:32,CNN_64_64_64_LSTM_128_Dropout_5_History_Base_Dataset_20epochs,Adam,0.001,8,14,0.4658833333333333,1.605629337876082,1294.04
2026-01-11 16:24:58,CNN_64_64_64_LSTM_128_BatchNorm_5_History_Base_Dataset_20epochs,Adam,0.001,12,18,0.4716166666666667,1.5463765610509843,1769.28
2026-01-11 16:59:13,CNN_64_128_128_LSTM_128_BatchNorm_5_History_Base_Dataset_20epochs,Adam,0.001,7,13,0.4576,1.6635657825957992,1308.98
2026-01-11 17:20:03,CNN_64_64_64_LSTM_Res_128_BatchNorm_5_History_Base_Dataset_20epochs,Adam,0.001,4,10,0.4524666666666667,1.6626475444480555,1266.91
2026-01-11 18:16:00,CNN_64_64_64_LSTM_Res_128_BatchNorm_5_History_Base_Dataset_20epochs,Adam,0.005,16,20,0.4528,1.7266626828260767,2715.1
2026-01-11 18:20:42,CNN_64_64_64_LSTM_Res_128_BatchNorm_5_History_Base_Dataset_20epochs,Adam,0.001,20,20,0.5198916666666666,1.344728001827995,4718.73
2026-01-11 18:33:14,CNN_64_64_64_LSTM_Res_128_BatchNorm_5_History_Base_Dataset_20epochs,Adam,0.01,4,10,0.050083333333333334,3.6468034888635565,1034.04
2026-01-11 18:45:45,CNN_64_64_64_LSTM_Res_128_BatchNorm_5_History_Base_Dataset_20epochs,Adam,0.05,1,7,0.016666666666666666,4.12174367701321,750.7
2026-01-11 20:33:09,CNN_64_64_64_LSTM_Res_128_BatchNorm_5_History_Base_Dataset_Scheduler_50epochs,Adam,6.25e-05,8,19,0.4550166666666667,1.6943741225992948,2083.5
